id,name
l10n_mx_wbl_shipping_agent_consignee_SCT418_020_2016,SCT418/020/2016
l10n_mx_wbl_shipping_agent_consignee_SCT418_021_2016,SCT418/021/2016
l10n_mx_wbl_shipping_agent_consignee_SCT418_025_2016,SCT418/025/2016
l10n_mx_wbl_shipping_agent_consignee_SCT418_026_2016,SCT418/026/2016
l10n_mx_wbl_shipping_agent_consignee_SCT418_028_2016,SCT418/028/2016
l10n_mx_wbl_shipping_agent_consignee_SCT418_029_2016,SCT418/029/2016
l10n_mx_wbl_shipping_agent_consignee_SCT418_030_2016,SCT418/030/2016
l10n_mx_wbl_shipping_agent_consignee_SCT418_034_2016,SCT418/034/2016
l10n_mx_wbl_shipping_agent_consignee_SCT418_036_2016,SCT418/036/2016
l10n_mx_wbl_shipping_agent_consignee_SCT418_042_2016,SCT418/042/2016
l10n_mx_wbl_shipping_agent_consignee_SCT418_046_2016,SCT418/046/2016
l10n_mx_wbl_shipping_agent_consignee_SCT418_047_2016,SCT418/047/2016
l10n_mx_wbl_shipping_agent_consignee_SCT418_048_2016,SCT418/048/2016
l10n_mx_wbl_shipping_agent_consignee_SCT418_051_2016,SCT418/051/2016
l10n_mx_wbl_shipping_agent_consignee_SCT418_052_2016,SCT418/052/2016
l10n_mx_wbl_shipping_agent_consignee_SCT418_010_2017,SCT418/010/2017
l10n_mx_wbl_shipping_agent_consignee_SCT418_014_2017,SCT418/014/2017
l10n_mx_wbl_shipping_agent_consignee_SCT418_017_2017,SCT418/017/2017
l10n_mx_wbl_shipping_agent_consignee_SCT418_021_2017,SCT418/021/2017
l10n_mx_wbl_shipping_agent_consignee_SCT418_022_2017,SCT418/022/2017
l10n_mx_wbl_shipping_agent_consignee_SCT418_023_2017,SCT418/023/2017
l10n_mx_wbl_shipping_agent_consignee_SCT418_024_2017,SCT418/024/2017
l10n_mx_wbl_shipping_agent_consignee_SCT418_030_2017,SCT418/030/2017
l10n_mx_wbl_shipping_agent_consignee_SCT418_031_2017,SCT418/031/2017
l10n_mx_wbl_shipping_agent_consignee_SCT418_034_2017,SCT418/034/2017
l10n_mx_wbl_shipping_agent_consignee_SCT418_035_2017,SCT418/035/2017
l10n_mx_wbl_shipping_agent_consignee_SCT418_038_2017,SCT418/038/2017
l10n_mx_wbl_shipping_agent_consignee_SCT418_044_2017,SCT418/044/2017
l10n_mx_wbl_shipping_agent_consignee_SCT418_045_2017,SCT418/045/2017
l10n_mx_wbl_shipping_agent_consignee_SCT418_047_2017,SCT418/047/2017
l10n_mx_wbl_shipping_agent_consignee_SCT418_053_2017,SCT418/053/2017
l10n_mx_wbl_shipping_agent_consignee_SCT418_054_2017,SCT418/054/2017
l10n_mx_wbl_shipping_agent_consignee_SCT418_056_2017,SCT418/056/2017
l10n_mx_wbl_shipping_agent_consignee_SCT418_057_2017,SCT418/057/2017
l10n_mx_wbl_shipping_agent_consignee_SCT418_060_2017,SCT418/060/2017
l10n_mx_wbl_shipping_agent_consignee_SCT418_061_2017,SCT418/061/2017
l10n_mx_wbl_shipping_agent_consignee_SCT418_064_2017,SCT418/064/2017
l10n_mx_wbl_shipping_agent_consignee_SCT418_065_2017,SCT418/065/2017
l10n_mx_wbl_shipping_agent_consignee_SCT418_006_2018,SCT418/006/2018
l10n_mx_wbl_shipping_agent_consignee_SCT418_013_2018,SCT418/013/2018
l10n_mx_wbl_shipping_agent_consignee_SCT418_014_2018,SCT418/014/2018
l10n_mx_wbl_shipping_agent_consignee_SCT418_017_2018,SCT418/017/2018
l10n_mx_wbl_shipping_agent_consignee_SCT418_018_2018,SCT418/018/2018
l10n_mx_wbl_shipping_agent_consignee_SCT418_019_2018,SCT418/019/2018
l10n_mx_wbl_shipping_agent_consignee_SCT418_022_2018,SCT418/022/2018
l10n_mx_wbl_shipping_agent_consignee_SCT418_026_2018,SCT418/026/2018
l10n_mx_wbl_shipping_agent_consignee_SCT418_031_2018,SCT418/031/2018
l10n_mx_wbl_shipping_agent_consignee_SCT418_033_2018,SCT418/033/2018
l10n_mx_wbl_shipping_agent_consignee_SCT418_037_2018,SCT418/037/2018
l10n_mx_wbl_shipping_agent_consignee_SCT418_038_2018,SCT418/038/2018
l10n_mx_wbl_shipping_agent_consignee_SCT418_040_2018,SCT418/040/2018
l10n_mx_wbl_shipping_agent_consignee_SCT418_041_2018,SCT418/041/2018
l10n_mx_wbl_shipping_agent_consignee_SCT418_043_2018,SCT418/043/2018
l10n_mx_wbl_shipping_agent_consignee_SCT418_045_2018,SCT418/045/2018
l10n_mx_wbl_shipping_agent_consignee_SCT418_046_2018,SCT418/046/2018
l10n_mx_wbl_shipping_agent_consignee_SCT418_048_2018,SCT 418/048/2018
l10n_mx_wbl_shipping_agent_consignee_SCT418_050_2018,SCT 418/050/2018
l10n_mx_wbl_shipping_agent_consignee_SCT418_053_2018,SCT 418/053/2018
l10n_mx_wbl_shipping_agent_consignee_SCT418_057_2018,SCT418/057/2018
l10n_mx_wbl_shipping_agent_consignee_SCT418_068_2018,SCT418/068/2018
l10n_mx_wbl_shipping_agent_consignee_SCT418_003_2019,SCT418/003/2019
l10n_mx_wbl_shipping_agent_consignee_SCT418_005_2019,SCT418/005/2019
l10n_mx_wbl_shipping_agent_consignee_SCT418_013_2019,SCT418/013/2019
l10n_mx_wbl_shipping_agent_consignee_SCT418_015_2019,SCT418/015/2019
l10n_mx_wbl_shipping_agent_consignee_SCT418_020_2019,SCT418/020/2019
l10n_mx_wbl_shipping_agent_consignee_SCT418_025_2019,SCT418/025/2019
l10n_mx_wbl_shipping_agent_consignee_SCT418_026_2019,SCT418/026/2019
l10n_mx_wbl_shipping_agent_consignee_SCT418_027_2019,SCT418/027/2019
l10n_mx_wbl_shipping_agent_consignee_SCT418_029_2019,SCT418/029/2019
l10n_mx_wbl_shipping_agent_consignee_SCT418_036_2019,SCT418/036/2019
l10n_mx_wbl_shipping_agent_consignee_SCT418_037_2019,SCT418/037/2019
l10n_mx_wbl_shipping_agent_consignee_SCT418_038_2019,SCT418/038/2019
l10n_mx_wbl_shipping_agent_consignee_SCT418_041_2019,SCT418/041/2019
l10n_mx_wbl_shipping_agent_consignee_SCT418_045_2019,SCT418/045/2019
l10n_mx_wbl_shipping_agent_consignee_SCT418_046_2019,SCT418/046/2019
l10n_mx_wbl_shipping_agent_consignee_SCT418_003_2020,SCT418/003/2020
l10n_mx_wbl_shipping_agent_consignee_SCT418_005_2020,SCT418/005/2020
l10n_mx_wbl_shipping_agent_consignee_SCT418_006_2020,SCT418/006/2020
l10n_mx_wbl_shipping_agent_consignee_SCT418_010_2020,SCT418/010/2020
l10n_mx_wbl_shipping_agent_consignee_SCT418_011_2020,SCT418/011/2020
l10n_mx_wbl_shipping_agent_consignee_SCT418_012_2020,SCT418/012/2020
l10n_mx_wbl_shipping_agent_consignee_SCT418_013_2020,SCT418/013/2020
l10n_mx_wbl_shipping_agent_consignee_SCT418_023_2020,SCT418/023/2020
l10n_mx_wbl_shipping_agent_consignee_SCT418_024_2020,SCT418/024/2020
l10n_mx_wbl_shipping_agent_consignee_SCT418_025_2020,SCT418/025/2020
l10n_mx_wbl_shipping_agent_consignee_SCT418_026_2020,SCT418/026/2020
l10n_mx_wbl_shipping_agent_consignee_SCT418_027_2020,SCT418/027/2020
l10n_mx_wbl_shipping_agent_consignee_SCT418_029_2020,SCT418/029/2020
l10n_mx_wbl_shipping_agent_consignee_SCT418_030_2020,SCT418/030/2020
l10n_mx_wbl_shipping_agent_consignee_SCT418_031_2020,SCT418/031/2020
l10n_mx_wbl_shipping_agent_consignee_SCT418_032_2020,SCT418/032/2020
l10n_mx_wbl_shipping_agent_consignee_SCT418_033_2020,SCT418/033/2020
l10n_mx_wbl_shipping_agent_consignee_SCT418_035_2020,SCT418/035/2020
l10n_mx_wbl_shipping_agent_consignee_SCT418_036_2020,SCT418/036/2020
l10n_mx_wbl_shipping_agent_consignee_SCT418_037_2020,SCT418/037/2020
l10n_mx_wbl_shipping_agent_consignee_SCT418_040_2020,SCT418/040/2020
l10n_mx_wbl_shipping_agent_consignee_SCT418_041_2020,SCT418/041/2020
l10n_mx_wbl_shipping_agent_consignee_SCT418_042_2020,SCT418/042/2020
l10n_mx_wbl_shipping_agent_consignee_SCT418_001_2021,SCT418/001/2021
l10n_mx_wbl_shipping_agent_consignee_SCT418_005_2021,SCT418/005/2021
l10n_mx_wbl_shipping_agent_consignee_SCT418_006_2021,SCT418/006/2021
l10n_mx_wbl_shipping_agent_consignee_SCT418_007_2021,SCT418/007/2021
l10n_mx_wbl_shipping_agent_consignee_SCT418_013_2021,SCT418/013/2021
l10n_mx_wbl_shipping_agent_consignee_SCT418_020_2021,SCT418/020/2021
l10n_mx_wbl_shipping_agent_consignee_SCT418_021_2021,SCT418/021/2021
